{"cameraMode":{"drawMode":0,"name":"Shaded","section":"Shading Mode"},"sceneLighting":true,"audioPlay":false,"sceneViewState":{"showFog":true,"showMaterialUpdate":false,"showSkybox":true,"showFlares":true,"showImageEffects":true,"showParticleSystems":true},"in2DMode":false,"pivot":{"x":-0.7852650284767151,"y":-0.32706940174102785,"z":12.36563777923584},"rotation":{"x":0.18784154951572419,"y":-0.17284142971038819,"z":0.03359992802143097,"w":0.9662879705429077},"size":17.98883628845215,"orthographic":true}