{"cameraMode":{"drawMode":0,"name":"Shaded","section":"Shading Mode"},"sceneLighting":true,"audioPlay":false,"sceneViewState":{"showFog":true,"showMaterialUpdate":false,"showSkybox":true,"showFlares":true,"showImageEffects":true,"showParticleSystems":true},"in2DMode":false,"pivot":{"x":-4.909040451049805,"y":-1.4815438985824586,"z":2.8539063930511476},"rotation":{"x":-0.02991144359111786,"y":0.9671713709831238,"z":-0.2125232219696045,"w":-0.1360841542482376},"size":20.52504539489746,"orthographic":true}