{"cameraMode":{"drawMode":0,"name":"Shaded","section":"Shading Mode"},"sceneLighting":true,"audioPlay":false,"sceneViewState":{"showFog":true,"showMaterialUpdate":false,"showSkybox":true,"showFlares":true,"showImageEffects":true,"showParticleSystems":true},"in2DMode":false,"pivot":{"x":-3.3658676147460939,"y":3.193953514099121,"z":-6.5570173263549809},"rotation":{"x":0.3152824938297272,"y":-0.3171001970767975,"z":0.11265846341848374,"w":0.8873288631439209},"size":11.415766716003418,"orthographic":true}