{"cameraMode":{"drawMode":0,"name":"Shaded","section":"Shading Mode"},"sceneLighting":false,"audioPlay":false,"sceneViewState":{"showFog":true,"showMaterialUpdate":false,"showSkybox":false,"showFlares":true,"showImageEffects":true,"showParticleSystems":true},"in2DMode":false,"pivot":{"x":-5.5699357986450199,"y":-1.4965907335281373,"z":2.5680694580078127},"rotation":{"x":-0.5037296414375305,"y":0.27359843254089358,"z":-0.17203198373317719,"w":-0.8011276125907898},"size":2.8578836917877199,"orthographic":false}