{"cameraMode":{"drawMode":0,"name":"Shaded","section":"Shading Mode"},"sceneLighting":true,"audioPlay":false,"sceneViewState":{"showFog":true,"showMaterialUpdate":false,"showSkybox":true,"showFlares":true,"showImageEffects":true,"showParticleSystems":true},"in2DMode":false,"pivot":{"x":5.57851505279541,"y":4.481953144073486,"z":9.29029655456543},"rotation":{"x":-0.19458416104316712,"y":0.05942591279745102,"z":-0.011811756528913975,"w":-0.9790127873420715},"size":20.900814056396486,"orthographic":true}