{"cameraMode":{"drawMode":0,"name":"Shaded","section":"Shading Mode"},"sceneLighting":true,"audioPlay":false,"sceneViewState":{"showFog":true,"showMaterialUpdate":false,"showSkybox":true,"showFlares":true,"showImageEffects":true,"showParticleSystems":true},"in2DMode":false,"pivot":{"x":-4.458352565765381,"y":0.6917358636856079,"z":-0.5769951343536377},"rotation":{"x":-0.09647379815578461,"y":0.10790055990219116,"z":-0.010521544143557549,"w":-0.9894137978553772},"size":50.40679168701172,"orthographic":true}