{"cameraMode":{"drawMode":0,"name":"Shaded","section":"Shading Mode"},"sceneLighting":true,"audioPlay":false,"sceneViewState":{"showFog":true,"showMaterialUpdate":false,"showSkybox":true,"showFlares":true,"showImageEffects":true,"showParticleSystems":true},"in2DMode":false,"pivot":{"x":-1.71651029586792,"y":-2.6373043060302736,"z":3.3675129413604738},"rotation":{"x":-0.32131466269493105,"y":0.6646125912666321,"z":-0.3860207498073578,"w":-0.553204357624054},"size":7.989081859588623,"orthographic":true}